60|||Acer Broken Laptop Screen Repair|||acer-broken-laptop-screen-repair|||
45|||Acer Laptop Screen Repair|||acer-laptop-screen-repair|||
22|||Acer Laptop Screen Replacement|||acer-laptop-screen-replacement|||
55|||Alienware Broken Laptop Screen Repair|||alienware-broken-laptop-screen-repair|||
76|||Alienware Laptop Screen Repair|||alienware-laptop-screen-repair|||
69|||Alienware Laptop Screen Replacement|||alienware-laptop-screen-replacement|||
73|||Apple Broken Laptop Screen Repair|||apple-broken-laptop-screen-repair|||
72|||Apple Laptop Screen Repair|||apple-laptop-screen-repair|||
66|||Apple Laptop Screen Replacement|||apple-laptop-screen-replacement|||
2|||Articles|||blog|||
101|||ASUS Broken Laptop Screen Repair|||asus-broken-laptop-screen-repair|||
100|||ASUS Laptop Screen Repair|||asus-laptop-screen-repair|||
85|||ASUS Laptop Screen Replacement|||asus-laptop-screen-replacement|||
43|||Beamsville|||beamsville|||
18|||Chromebook Broken Laptop Screen Repair|||chromebook-broken-laptop-screen-repair|||
56|||Chromebook Laptop Screen Repair|||chromebook-laptop-screen-repair|||
71|||Chromebook Laptop Screen Replacement|||chromebook-laptop-screen-replacement|||
70|||Compaq Broken Laptop Screen Repair|||compaq-broken-laptop-screen-repair|||
17|||Compaq Laptop Screen Repair|||compaq-laptop-screen-repair|||
68|||Compaq Laptop Screen Replacement|||compaq-laptop-screen-replacement|||
13|||Computer Repair|||computer-repair|||
88|||Dell Broken Laptop Screen Repair|||dell-broken-laptop-screen-repair|||
87|||Dell Laptop Screen Repair|||dell-laptop-screen-repair|||
86|||Dell Laptop Screen Replacement|||dell-laptop-screen-replacement|||
32|||Dunnville|||dunnville|||
91|||eMachines Broken Laptop Screen Repair|||emachines-broken-laptop-screen-repair|||
90|||eMachines Laptop Screen Repair|||emachines-laptop-screen-repair|||
89|||eMachines Laptop Screen Replacement|||emachines-laptop-screen-replacement|||
27|||Fonthill|||fonthill|||
26|||Fort Erie|||fort-erie|||
94|||Fujitsu Broken Laptop Screen Repair|||fujitsu-broken-laptop-screen-repair|||
93|||Fujitsu Laptop Screen Repair|||fujitsu-laptop-screen-repair|||
92|||Fujitsu Laptop Screen Replacement|||fujitsu-laptop-screen-replacement|||
97|||Gateway Broken Laptop Screen Repair|||gateway-broken-laptop-screen-repair|||
96|||Gateway Laptop Screen Repair|||gateway-laptop-screen-repair|||
95|||Gateway Laptop Screen Replacement|||gateway-laptop-screen-replacement|||
37|||Grimsby|||grimsby|||
20|||HP Broken Laptop Screen Repair|||hp-broken-laptop-screen-repair|||
99|||HP Laptop Screen Repair|||hp-laptop-screen-repair|||
98|||HP Laptop Screen Replacement|||hp-laptop-screen-replacement|||
58|||IBM Broken Laptop Screen Repair|||ibm-broken-laptop-screen-repair|||
44|||IBM Laptop Screen Repair|||ibm-laptop-screen-repair|||
57|||IBM Laptop Screen Replacement|||ibm-laptop-screen-replacement|||
84|||iMac Broken Laptop Screen Repair|||imac-broken-laptop-screen-repair|||
83|||iMac Laptop Screen Repair|||imac-laptop-screen-repair|||
82|||iMac Laptop Screen Replacement|||imac-laptop-screen-replacement|||
35|||Lenovo Broken Laptop Screen Repair|||lenovo-broken-laptop-screen-repair|||
49|||Lenovo Laptop Screen Repair|||lenovo-laptop-screen-repair|||
42|||Lenovo Laptop Screen Replacement|||lenovo-laptop-screen-replacement|||
51|||LG Broken Laptop Screen Repair|||lg-broken-laptop-screen-repair|||
23|||LG Laptop Screen Repair|||lg-laptop-screen-repair|||
50|||LG Laptop Screen Replacement|||lg-laptop-screen-replacement|||
39|||Lincoln|||lincoln|||
78|||Macbook Broken Laptop Screen Repair|||macbook-broken-laptop-screen-repair|||
77|||Macbook Laptop Screen Repair|||macbook-laptop-screen-repair|||
74|||Macbook Laptop Screen Replacement|||macbook-laptop-screen-replacement|||
81|||Macbook Pro Broken Laptop Screen Repair|||macbook-pro-broken-laptop-screen-repair|||
80|||Macbook Pro Laptop Screen Repair|||macbook-pro-laptop-screen-repair|||
79|||Macbook Pro Laptop Screen Replacement|||macbook-pro-laptop-screen-replacement|||
33|||Microsoft Surface Broken Laptop Screen Repair|||microsoft-surface-broken-laptop-screen-repair|||
63|||Microsoft Surface Laptop Screen Repair|||microsoft-surface-laptop-screen-repair|||
47|||Microsoft Surface Laptop Screen Replacement|||microsoft-surface-laptop-screen-replacement|||
65|||MSI Broken Laptop Screen Repair|||msi-broken-laptop-screen-repair|||
48|||MSI Laptop Screen Repair|||msi-laptop-screen-repair|||
64|||MSI Laptop Screen Replacement|||msi-laptop-screen-replacement|||
14|||Niagara|||niagara|||
21|||Niagara Falls|||niagara-falls|||
30|||Niagara-on-the-Lake|||niagara-on-the-lake|||
41|||Pelham|||pelham|||
16|||Port Colborne|||port-colborne|||
19|||Samsung Broken Laptop Screen Repair|||samsung-broken-laptop-screen-repair|||
52|||Samsung Laptop Screen Repair|||samsung-laptop-screen-repair|||
36|||Samsung Laptop Screen Replacement|||samsung-laptop-screen-replacement|||
3|||Shortcode|||shortcode|||
34|||Smithville|||smithville|||
54|||Sony Broken Laptop Screen Repair|||sony-broken-laptop-screen-repair|||
38|||Sony Laptop Screen Repair|||sony-laptop-screen-repair|||
53|||Sony Laptop Screen Replacement|||sony-laptop-screen-replacement|||
29|||St.Catharines|||st-catharines|||
62|||Surface Pro Broken Laptop Screen Repair|||surface-pro-broken-laptop-screen-repair|||
31|||Surface Pro Laptop Screen Repair|||surface-pro-laptop-screen-repair|||
61|||Surface Pro Laptop Screen Replacement|||surface-pro-laptop-screen-replacement|||
46|||Surface Tablet Broken Laptop Screen Repair|||surface-tablet-broken-laptop-screen-repair|||
59|||Surface Tablet Laptop Screen Repair|||surface-tablet-laptop-screen-repair|||
15|||Surface Tablet Laptop Screen Replacement|||surface-tablet-laptop-screen-replacement|||
24|||Thorold|||thorold|||
40|||Toshiba Broken Laptop Screen Repair|||toshiba-broken-laptop-screen-repair|||
75|||Toshiba Laptop Screen Repair|||toshiba-laptop-screen-repair|||
67|||Toshiba Laptop Screen Replacement|||toshiba-laptop-screen-replacement|||
1|||Uncategorized|||uncategorized|||
25|||Wainfleet|||wainfleet|||
28|||Welland|||welland|||
