8922|||Blog|||blog|||[blog titlesize="16" num="4000" type="excerpt" meta="yes" orderby="post_date" order="DESC" thumbnail="yes" background="no" bg_color="#e4e8ea"]||||||0|||publish|||2017-02-04 00:40:30|||2017-02-04 00:40:40||||||
9108|||Computer Repair Fonthill | Your Local PC & Laptop Repair Shop|||computer-repair-fonthill|||<h2>Computer Repair Services in Fonthill</h2>\n\n<p><strong>Computer repair in Fonthill</strong> - that is where we are located! St. Catharines Computers is proud to serve the Fonthill community right from our storefront at 2 Pelham Town Square. We are your local computer repair experts.</p>\n\n<h3>Fonthill Computer Repair Services:</h3>\n<ul>\n<li><strong>Laptop Repair Fonthill</strong> - All brands serviced</li>\n<li><strong>Desktop Computer Repair Fonthill</strong> - Custom and branded PCs</li>\n<li><strong>Virus and Malware Removal Fonthill</strong> - Thorough cleaning</li>\n<li><strong>Data Recovery Fonthill</strong> - Local data rescue services</li>\n<li><strong>Screen Repair Fonthill</strong> - Quick screen replacements</li>\n<li><strong>Home IT Support Fonthill</strong> - Network setup and support</li>\n</ul>\n\n<h3>Your Local Fonthill Computer Shop:</h3>\n<p>As a Fonthill-based business, we understand the local community. Drop by our shop at Pelham Town Square for immediate assistance or call ahead to schedule an appointment.</p>\n\n<h3>What Makes Us Fonthill's #1 Choice:</h3>\n<p>Convenient local location, personalized service, competitive rates, and same-day repairs available. We are part of your community!</p>\n\n<h3>Find Us in Fonthill</h3>\n<iframe src="https://www.google.com/maps/embed?pb=!1m18!1m12!1m3!1d2920.1234567890!2d-79.2703!3d43.0375!2m3!1f0!2f0!3f0!3m2!1i1024!2i768!4f13.1!3m3!1m2!1s0x89d351f1b5ef0001%3A0x1234567890abcdef!2s2%20Pelham%20Town%20Square%2C%20Fonthill%2C%20ON%20L0S%201E0!5e0!3m2!1sen!2sca!4v1234567893" width="100%" height="450" style="border:0;" allowfullscreen="" loading="lazy"></iframe>\n\n<h3>Visit Our Fonthill Location</h3>\n<p><strong>Phone:</strong> <a href="tel:9058924555">(905) 892-4555</a><br>\n<strong>Address:</strong> 2 Pelham Town Square, Fonthill, ON L0S 1E0<br>\n<strong>Hours:</strong> Mon-Fri 9AM-6PM, Sat 10AM-4PM</p>\n\n<p>Walk-ins welcome! We are located in the heart of Fonthill at Pelham Town Square.</p>\n\n<p><a href="/contacts/" class="button">Contact Your Local Fonthill Shop</a></p>|||Local computer repair shop in Fonthill. Conveniently located at Pelham Town Square. Expert laptop repair, virus removal, and data recovery services.|||0|||publish|||2025-10-30 23:04:11|||2025-10-30 23:04:11||||||
9106|||Computer Repair Niagara Falls | Laptop & PC Repair Near You|||computer-repair-niagara-falls|||<h2>Computer Repair Services in Niagara Falls</h2>\n\n<p>Need <strong>computer repair in Niagara Falls</strong>? St. Catharines Computers serves the Niagara Falls community with fast, professional computer and laptop repair services. We are conveniently located just minutes from Niagara Falls.</p>\n\n<h3>Niagara Falls Computer Repair Services:</h3>\n<ul>\n<li><strong>Laptop Repair Niagara Falls</strong> - All makes and models</li>\n<li><strong>Virus Removal Niagara Falls</strong> - Fast malware elimination</li>\n<li><strong>Data Recovery Niagara Falls</strong> - Hard drive and SSD recovery</li>\n<li><strong>Screen Repair Niagara Falls</strong> - Professional screen replacement</li>\n<li><strong>Mac Repair Niagara Falls</strong> - Apple certified repairs</li>\n<li><strong>Gaming PC Repair Niagara Falls</strong> - Custom gaming computer service</li>\n</ul>\n\n<h3>Serving All Niagara Falls Areas:</h3>\n<p>We provide service to all Niagara Falls neighborhoods including Downtown Niagara Falls, Chippawa, Stamford, Queenston, and surrounding communities.</p>\n\n<h3>Why Choose Us for Computer Repair in Niagara Falls?</h3>\n<p>Fast turnaround times, experienced technicians, and competitive pricing make us the top choice for Niagara Falls computer repair. Most repairs completed within 24-48 hours.</p>\n\n<h3>Directions from Niagara Falls to Our Shop</h3>\n<iframe src="https://www.google.com/maps/embed?pb=!1m28!1m12!1m3!1d186550.9!2d-79.0849!3d43.0896!2m3!1f0!2f0!3f0!3m2!1i1024!2i768!4f13.1!4m13!3e0!4m5!1s0x89d343e5d7479db7%3A0x690257c9983da0dd!2sNiagara%20Falls%2C%20ON!3m2!1d43.0895577!2d-79.0849436!4m5!1s0x89d351f1b5ef0001%3A0x1234567890abcdef!2s2%20Pelham%20Town%20Square%2C%20Fonthill%2C%20ON%20L0S%201E0!3m2!1d43.0375!2d-79.2703!5e0!3m2!1sen!2sca!4v1234567891" width="100%" height="450" style="border:0;" allowfullscreen="" loading="lazy"></iframe>\n\n<h3>Contact Information</h3>\n<p><strong>Phone:</strong> <a href="tel:9058924555">(905) 892-4555</a><br>\n<strong>Location:</strong> 2 Pelham Town Square, Fonthill, ON L0S 1E0<br>\n<strong>Distance from Niagara Falls:</strong> Approximately 15-20 minutes drive</p>\n\n<p><a href="/contacts/" class="button">Request Service in Niagara Falls</a></p>|||Expert computer repair in Niagara Falls. Fast laptop repair, virus removal, data recovery, and IT support. Serving all Niagara Falls neighborhoods.|||0|||publish|||2025-10-30 23:03:41|||2025-10-30 23:03:41||||||
9105|||Computer Repair St. Catharines | Expert Laptop & PC Repair Services|||computer-repair-st-catharines|||<h2>Computer Repair Services in St. Catharines</h2>\n\n<p>Looking for reliable <strong>computer repair in St. Catharines</strong>? St. Catharines Computers provides expert repair services for residents and businesses throughout the city. Our technicians are experienced in all types of computer issues, from virus removal to hardware replacements.</p>\n\n<h3>Our St. Catharines Services Include:</h3>\n<ul>\n<li><strong>Laptop Repair St. Catharines</strong> - Screen replacements, battery issues, keyboard repairs</li>\n<li><strong>Virus Removal St. Catharines</strong> - Complete malware and virus elimination</li>\n<li><strong>Data Recovery St. Catharines</strong> - Recover lost files from failed drives</li>\n<li><strong>Computer Screen Repair St. Catharines</strong> - LCD and LED screen replacement</li>\n<li><strong>Mac Repair St. Catharines</strong> - iMac, MacBook Pro, MacBook Air repair</li>\n<li><strong>IT Support St. Catharines</strong> - Business IT solutions and network support</li>\n</ul>\n\n<h3>Why Choose Us for Computer Repair in St. Catharines?</h3>\n<p>With over 15 years serving the St. Catharines community, we understand local needs. Our shop at 2 Pelham Town Square is convenient for St. Catharines residents, just a short drive from downtown.</p>\n\n<h3>Service Areas in St. Catharines:</h3>\n<p>We serve all St. Catharines neighborhoods including Downtown St. Catharines, Port Dalhousie, Merritton, Grantham, and surrounding areas.</p>\n\n<h3>Google Map - Directions to Our Shop from St. Catharines</h3>\n<iframe src="https://www.google.com/maps/embed?pb=!1m28!1m12!1m3!1d93275.45!2d-79.2703!3d43.0375!2m3!1f0!2f0!3f0!3m2!1i1024!2i768!4f13.1!4m13!3e0!4m5!1s0x89d3507111975161%3A0x5c538fe527f87d4a!2sSt.%20Catharines%2C%20ON!3m2!1d43.1593745!2d-79.2468693!4m5!1s0x89d351f1b5ef0001%3A0x1234567890abcdef!2s2%20Pelham%20Town%20Square%2C%20Fonthill%2C%20ON%20L0S%201E0!3m2!1d43.0375!2d-79.2703!5e0!3m2!1sen!2sca!4v1234567890" width="100%" height="450" style="border:0;" allowfullscreen="" loading="lazy"></iframe>\n\n<h3>Contact St. Catharines Computers</h3>\n<p><strong>Phone:</strong> <a href="tel:9058924555">(905) 892-4555</a><br>\n<strong>Address:</strong> 2 Pelham Town Square, Fonthill, ON L0S 1E0<br>\n<strong>Hours:</strong> Monday-Friday 9AM-6PM, Saturday 10AM-4PM</p>\n\n<p><a href="/contacts/" class="button">Get a Free Quote</a></p>|||Professional computer repair services in St. Catharines. Expert laptop repair, virus removal, data recovery, and IT support. Serving all St. Catharines neighborhoods.|||0|||publish|||2025-10-30 23:03:38|||2025-10-30 23:03:38||||||
9107|||Computer Repair Welland | Fast & Affordable PC & Laptop Repair|||computer-repair-welland|||<h2>Computer Repair Services in Welland</h2>\n\n<p>Searching for <strong>computer repair in Welland</strong>? St. Catharines Computers provides comprehensive computer and laptop repair services to Welland residents and businesses. Our experienced team handles all types of computer issues quickly and affordably.</p>\n\n<h3>Welland Computer Services:</h3>\n<ul>\n<li><strong>Laptop Repair Welland</strong> - Hardware and software fixes</li>\n<li><strong>Virus Removal Welland</strong> - Complete system cleaning</li>\n<li><strong>Data Recovery Welland</strong> - Emergency data retrieval</li>\n<li><strong>Screen Replacement Welland</strong> - LCD/LED screen repair</li>\n<li><strong>PC Upgrades Welland</strong> - RAM, SSD, graphics card upgrades</li>\n<li><strong>Business IT Support Welland</strong> - Small business solutions</li>\n</ul>\n\n<h3>Serving Welland Communities:</h3>\n<p>We proudly serve all Welland areas including Downtown Welland, Crown Hill Park, Cooks Mills, and surrounding neighborhoods.</p>\n\n<h3>Why Welland Customers Choose Us:</h3>\n<p>Transparent pricing, no hidden fees, and expert technicians with years of experience. We offer free diagnostics and same-day service on many repairs.</p>\n\n<h3>Driving Directions from Welland</h3>\n<iframe src="https://www.google.com/maps/embed?pb=!1m28!1m12!1m3!1d186550.9!2d-79.2483!3d42.9834!2m3!1f0!2f0!3f0!3m2!1i1024!2i768!4f13.1!4m13!3e0!4m5!1s0x89d35d1000000001%3A0x40d2dcbc2e5d8c0!2sWelland%2C%20ON!3m2!1d42.9834253!2d-79.2482443!4m5!1s0x89d351f1b5ef0001%3A0x1234567890abcdef!2s2%20Pelham%20Town%20Square%2C%20Fonthill%2C%20ON%20L0S%201E0!3m2!1d43.0375!2d-79.2703!5e0!3m2!1sen!2sca!4v1234567892" width="100%" height="450" style="border:0;" allowfullscreen="" loading="lazy"></iframe>\n\n<h3>Get in Touch</h3>\n<p><strong>Call Us:</strong> <a href="tel:9058924555">(905) 892-4555</a><br>\n<strong>Visit Us:</strong> 2 Pelham Town Square, Fonthill, ON L0S 1E0<br>\n<strong>From Welland:</strong> Only 10-15 minutes away</p>\n\n<p><a href="/contacts/" class="button">Schedule Welland Computer Repair</a></p>|||Professional computer repair in Welland, ON. Expert laptop repair, virus removal, data recovery, and upgrades. Serving all Welland neighborhoods.|||0|||publish|||2025-10-30 23:04:10|||2025-10-30 23:04:10||||||
7705|||Contacts|||contacts|||<div class="gmap_contact"><iframe style="border: 0;" src="https://www.google.com/maps/embed?pb=!1m18!1m12!1m3!1d2915.8312135774963!2d-79.28583848449003!3d43.044982679147026!2m3!1f0!2f0!3f0!3m2!1i1024!2i768!4f13.1!3m3!1m2!1s0x89d34ed6ae1593ff%3A0xc5d2223bcbd10cce!2sJTG+Systems+-+Computer+Repair+%7C+Laptop+Repair!5e0!3m2!1sen!2sca!4v1481582065658" width="100%" height="450" frameborder="0" allowfullscreen="allowfullscreen"></iframe>\n</div>\n\n<center><iframe style="border: 0;" src="https://docs.google.com/forms/d/1xQPggFiG3_Gvkw4f5CCOjksg-k33tbyFPiZdfFCuwXM/viewform?embedded=true" width="790" height="770">Loading&amp;#8230;</iframe></center>||||||0|||publish|||2016-12-12 22:42:46|||2016-12-12 22:50:23||||||
7715|||Services|||services|||<link href="https://maxcdn.bootstrapcdn.com/bootstrap/3.3.7/css/bootstrap.min.css" rel="stylesheet" integrity="sha384-BVYiiSIFeK1dGmJRAkycuHAHRg32OmUcww7on3RYdg4Va+PmSTsz/K68vbdEjh4u" crossorigin="anonymous">\n[insert_php]\nif(!isset($_GET["repair"])){\n    $services = file_get_contents("services.txt");\n    $service_list = preg_split("/\\n/",$services);\n    foreach($service_list as $key => $service){\n        if(strlen($service) > 1){\n            echo "<a href=\\"?repair=$service\\" class=\\"btn btn-sm btn-default\\" style=\\"margin-right:5px;margin-bottom:5px;\\">".ucwords($service)."</a>";\n        }\n    }\n}else{\n\n$service = ucwords(strtolower($_GET["repair"]));\necho "<img src=\\"/images/number_1_macbook_repair.jpg\\" width=\\"100%\\" alt=\\"St.Catharines $service\\" />We offer $service for St.Catharines and surrounding cities.  if you need $service in st.catharines, Ontario. Please call us at (905) 892-4555. We are located in Fonthill. We fix computers the very same day in most cases. Feel free to view our main site at  www.jtgsystems.com ,  We have been top for $service for over 10 years in Niagara region, We are trusted by thousands of people. ask your neighbors about us and you will hear good things only! Let's do some business visit us at 2 Pelham town square in Fonthill.";\n}\n[/insert_php]\n\n<script type="text/javascript">\nvar service = '[insert_php]\nif(isset($_GET["repair"])){\necho ucwords($_GET["repair"]);\n}else{\necho "Services";\n}\n[/insert_php]';\n    $('#subhead .entry-title-page').html("St.Catharines " + service);\n</script>||||||0|||publish|||2016-12-12 23:09:27|||2016-12-31 02:38:39||||||
5|||St.Catharines  Apple / Mac Repair|||apple-mac-repair|||<div id="bottom_elements_background22">\n<a href="https://www.stcatharinescomputers.com/wp-content/uploads/2015/08/AppleMAC.png"><img class="wp-image-7645 aligncenter" src="https://www.stcatharinescomputers.com/wp-content/uploads/2015/08/AppleMAC.png" alt="AppleMAC" width="1200" height="163" /></a></div><!--#bottom_elements-->\n\nWe take the time to understand the issues you are experiencing, the device itself, and any other information needed to provide a long term and permanent solution.\n<h2>We specialize in Apple / Mac Repair:</h2>\n<ul>\n\t<li>Whether its for personal use or it is technology that you rely on to operate your business, computer problems happen and when it does it can be very stressful and aggravating. We are here to relieve the stress because repairing computers and laptops is what-we-do-best. No question is too big or too small, a laptop repair expert is available to take your call and arrange for free pick up at your convenience.\nFREE Estimate Call us 905.892.4555</li>\n</ul>\n&nbsp;\n\nA computer problem can mean a turning point for technology dependent businesses and home users.\nLet the right people help you! We’re a team of professional, reliable, fast and friendly technician with years of experience in repair and data recovery.\n<h2>Some of the services we offer:</h2>\n<ul>\n\t<li>Motherboard Repair or Replacement Recovery of failed hard drive Clicking/noisy hard drive Virus, Adware, Spyware, Malware Removal Data Recovery</li>\n\t<li>Hardware &amp; Software Upgrade No internet access Computer running slow? Well speed it up! Diagnostics</li>\n\t<li>Broken laptop hinges</li>\n\t<li>Cracked laptop top covers</li>\n\t<li>Broken power buttons</li>\n\t<li>Computer Screen Repair</li>\n\t<li>Operating system repair</li>\n\t<li>Hardware problem</li>\n\t<li>Virus / Spyware Removal</li>\n\t<li>Physical Damage Repair</li>\n\t<li>Restores laptop for original condition</li>\n\t<li>Repair all type of damages</li>\n\t<li>Liquid Damage</li>\n\t<li>Keyboard Replacement</li>\n\t<li>LED LCD Screen Replacement</li>\n</ul>\n&nbsp;\n\nNeed a reliable computer repair to manage all of your technical needs? We’re your personal solution provider professional, reliable, and FAST. Helping small businesses and home users with all of their computer needs. From virus removal and data recovery to full network administration, logo and website design. We are a one stop shop for all of your computer needs, We’re looking forward to being your personal computer technician for life!.\n<h1>FREE Estimate Call us 905.892.4555</h1>||||||0|||publish|||2015-08-05 07:44:14|||2015-10-26 20:01:55||||||
12|||St.Catharines Computer Repair|||computer-repair|||<div id="bottom_elements_background22">\n<img class="wp-image-7645 aligncenter" src="https://www.stcatharinescomputers.com/wp-content/uploads/2015/10/PC.png" alt="AppleMAC" width="1200" height="163" /></div><!--#bottom_elements-->\n\nWe take the time to understand the issues you are experiencing, the device itself, and any other information needed to provide a long term and permanent solution.\n<h1>St.Catharines Computer Repair:</h1>\n<ul>\n\t<li>Computer running slow</li>\n\t<li>Computer wont start</li>\n\t<li>Hard drive not connecting</li>\n\t<li>Software not working</li>\n\t<li>Ad-ware removal</li>\n\t<li>Spy-ware removal</li>\n\t<li>Data Recovery</li>\n\t<li>Custom computer</li>\n</ul>\n&nbsp;\n\nA computer problem can mean a turning point for technology dependent businesses and home users.\nLet the right people help you! We’re a team of professional, reliable, fast and friendly technician with years of experience in repair and data recovery.\n<h2>Some of the services we offer for St.Catharines:</h2>\n<ul>\n\t<li>Motherboard Repair or Replacement Recovery of failed hard drive Clicking/noisy hard drive Virus, Adware, Spyware, Malware Removal Data Recovery</li>\n\t<li>Hardware &amp; Software Upgrade No internet access Computer running slow? Well speed it up! Diagnostics</li>\n\t<li>Broken laptop hinges</li>\n\t<li>Cracked laptop top covers</li>\n\t<li>Broken power buttons</li>\n\t<li>Computer Screen Repair</li>\n\t<li>Operating system repair</li>\n\t<li>Hardware problem</li>\n\t<li>Virus / Spyware Removal</li>\n\t<li>Physical Damage Repair</li>\n\t<li>Restores laptop for original condition</li>\n\t<li>Repair all type of damages</li>\n\t<li>Liquid Damage</li>\n\t<li>Keyboard Replacement</li>\n\t<li>LED LCD Screen Replacement</li>\n</ul>\n<h1>FREE Estimate Call us 905.892.4555</h1>||||||0|||publish|||2015-08-05 07:46:13|||2015-10-26 20:24:16||||||
7551|||St.Catharines Computer Repair|||laptop-repair-service-computer-repair|||<table style="width: 100%;" border="0" cellspacing="1" cellpadding="1">\n<tbody>\n<tr>\n<td style="position: relative;">\n<h1 style="text-align: justify;">[heading]We are #1 for St.Catharines Computer Repair[/heading]</h1>\n<img src="/images/number_1_macbook_repair.jpg" alt="number 1 macbook repair service in st catharines" width="100%" />\n<p style="text-align: justify;">we take the time to understand the issues you are experiencing, the device itself, and any other information needed to provide a long-term and permanent solution. We are #1 for <strong>St.Catharines Computer Repair</strong>.</p>\n<p style="text-align: justify;"><img class="mac_home_image" src="/images/macbook_pro.png" alt="macbook pro repair st catharines" />"Need a reliable computer repair to manage all of your technical needs? We’re your personal solution provider <strong>professional, reliable, and FAST</strong>. Helping small businesses and home users with all of their computer needs. From virus removal and data recovery. We are a one stop shop for all of your computer needs, We’re looking forward to being your personal computer technician for life!.</p>\n\n<ul>\n \t<li>Diagnostics of computer crash's on laptops and macs</li>\n \t<li>Virus &amp; Spyware Removal for <strong>Apple and PC</strong></li>\n \t<li>Hardware &amp; System Upgrade for Apple and PC</li>\n \t<li>Data Recovery  for Apple and PC</li>\n \t<li>St.Catharines Screen Repair</li>\n \t<li>St.Catharines iMac Repair</li>\n \t<li>St.Catharines Computer Repair</li>\n \t<li>St.Catharines Macbook Pro Repair</li>\n \t<li>St.Catharines Laptop Repair</li>\n \t<li>St.Catharines Apple / Mac Repair</li>\n</ul>\n</td>\n<td>&nbsp;\n\n&nbsp;\n\n&nbsp;</td>\n</tr>\n</tbody>\n</table>\n<p style="text-align: right;">  [button link="https://www.stcatharinescomputers.com/computer-repair/" color="#3b5998" size="3" style="1" dark="0" square="0" target="self"]Read More[/button]</p>\n\n<h1 style="text-align: justify;">[heading]St.Catharines MacBook Pro Repair[/heading]</h1>\nWhether its for personal use or it is technology that you rely on to operate your business, computer problems happen and when it does it can be very stressful and aggravating. We are here to relieve the stress because repairing computers and laptops is what-we-do-best. No question is too big or too small, a <strong>laptop repair</strong> expert is available to take your call and arrange a Free Diagnostic.\n<p style="text-align: right;">[button link="https://www.stcatharinescomputers.com/apple-mac-repair/" color="#3b5998" size="3" style="1" dark="0" square="0" target="self"]Read More[/button]</p>\n\n<h1 style="text-align: justify;">[heading]Lost your data?[/heading]</h1>\n<ul>\n \t<li>No Data NO Charge</li>\n \t<li>FREE Estimate and Consultation</li>\n \t<li>100% confidentiality assured</li>\n</ul>\n<h1 style="text-align: justify;">[heading]Failed computer hard drive[/heading]</h1>\n<ul>\n \t<li>Data Recovery Services</li>\n \t<li>External hard drive</li>\n \t<li>Flash drives</li>\n \t<li>CD/DVD</li>\n</ul>\n<p style="text-align: right;">[button link="https://www.stcatharinescomputers.com/computer-repair/" color="#3b5998" size="3" style="1" dark="0" square="0" target="self"]Read More[/button]</p>||||||0|||publish|||2015-10-23 08:42:11|||2017-05-22 00:37:35|||St.Catharines Computer Repair | Laptop Repair|||St.Catharines computer repair for Welland, St.Catharines, Thorold and Niagara falls. We are Your # 1 Computer Repair Place.
7|||St.Catharines Data Recovery|||st-catharines-data-recovery|||<div id="bottom_elements_background22">\n<img class="wp-image-7645 aligncenter" src="https://www.stcatharinescomputers.com/wp-content/uploads/2015/10/DATAREC.png" alt="AppleMAC" width="1200" height="163" /></div><!--#bottom_elements-->\n\nWe take the time to understand the issues you are experiencing, the device itself, and any other information needed to provide a long term and permanent solution.\n<h1>St.Catharines Data Recovery</h1>\n<h2>We specialize in Data Recovery Services:</h2>\n<ul>\n\t<li>Failed computer hard drive</li>\n\t<li>External hard drive</li>\n\t<li>Flash drives</li>\n\t<li>CD/DVD</li>\n\t<li>Laptop hard drives and Old Broken Hard drives</li>\n\t<li>Call now for FREE estimate 905.892.4555\nor visit https://www.stcatharinescomputers.com/</li>\n</ul>\n&nbsp;\n\nA computer problem can mean a turning point for technology dependent businesses and home users.\nLet the right people help you! We’re a team of professional, reliable, fast and friendly technician with years of experience in repair and data receovery.\n<h2>Some of the services we offer:</h2>\n<ul>\n\t<li>Motherboard Repair or Replacement Recovery of failed hard drive Clicking/noisy hard drive Virus, Adware, Spyware, Malware Removal Data Recovery</li>\n\t<li>Hardware &amp; Software Upgrade No internet access Computer running slow? Well speed it up! Diagnostics</li>\n\t<li>Broken laptop hinges</li>\n\t<li>Cracked laptop top covers</li>\n\t<li>Broken power buttons</li>\n\t<li>Computer Screen Repair</li>\n\t<li>Operating system repair</li>\n\t<li>Hardware problem</li>\n\t<li>Virus / Spyware Removal</li>\n\t<li>Physical Damage Repair</li>\n\t<li>Restores laptop for original condition</li>\n\t<li>Repair all type of damages</li>\n\t<li>Liquid Damage</li>\n\t<li>Keyboard Replacement</li>\n\t<li>LED LCD Screen Replacement</li>\n</ul>\n&nbsp;\n\nNeed a reliable computer repair to manage all of your technical needs? We’re your personal solution provider professional, reliable, and FAST. Helping small businesses and home users with all of their computer needs. From virus removal and data recovery. We are a one stop shop for all of your computer needs, We’re looking forward to being your personal computer technician for life!.\n<h1>FREE Estimate Call us 905.892.4555</h1>||||||0|||publish|||2015-08-05 07:44:49|||2015-10-26 20:22:00||||||
15|||St.Catharines IMac Repair|||imac-repair|||<div id="bottom_elements_background22">\n<img class="wp-image-7645 aligncenter" src="https://www.stcatharinescomputers.com/wp-content/uploads/2015/10/e_distr.png" alt="AppleMAC" width="1200" height="163" /></div><!--#bottom_elements-->\nWe take the time to understand the issues you are experiencing, the device itself, and any other information needed to provide a long term and permanent solution.\n<h1>St.Catharines IMac Repair:</h1>\n• Diagnostics, including computer crash\n• Virus &amp; Spyware Removal\n• Hardware &amp; System Upgrade\n• Data Recovery .\n\nA computer problem can mean a turning point for technology dependent businesses and home users.\nLet the right people help you! We’re a team of professional, reliable, fast and friendly technician with years of experience in repair and data recovery.\n<h2>Some of the services we offer:</h2>\n<ul>\n\t<li>Overheating or freezing laptop Cracked laptop covers Broken power buttons Laptop screen repair Restoring laptop to original condition Liquid spill damage repair Power problems / AC power jack replacement Glass and screen replacement Broken laptop hinges.</li>\n\t<li>Replace broken connectors</li>\n\t<li>Replace Broken Screen LCD/LED</li>\n\t<li>DC Jack Repair/Motherboard</li>\n\t<li>Virus Corruptions and Deletion</li>\n\t<li>Motherboard &amp; Keyboard Repair/Replacement</li>\n\t<li>Computer doesn’t Startup or Boot up with errors</li>\n\t<li>Liquid spill-damage repair</li>\n\t<li>Power Problems, AC Power Jack Replacement</li>\n\t<li>Motherboard &amp; Keyboard Repair/Replacement</li>\n\t<li>Glass &amp; Screen Replacement</li>\n</ul>\n<h1>FREE Estimate Call us 905.892.4555</h1>||||||0|||publish|||2015-08-05 07:46:51|||2015-10-26 20:40:52||||||
10|||St.Catharines Laptop Repair|||laptop-repair|||<div id="bottom_elements_background22">\n<img class="wp-image-7645 aligncenter" src="https://www.stcatharinescomputers.com/wp-content/uploads/2015/10/Laptop.png" alt="AppleMAC" width="1200" height="163" /></div><!--#bottom_elements-->\n\nWe take the time to understand the issues you are experiencing, the device itself, and any other information needed to provide a long term and permanent solution.\n<h1>St.Catharines Laptop Repair:</h1>\n• Diagnostics, including computer crash\n• Virus &amp; Spyware Removal\n• Hardware &amp; System Upgrade\n• Data Recovery .\n\nA computer problem can mean a turning point for technology dependent businesses and home users.\nLet the right people help you! We’re a team of professional, reliable, fast and friendly technician with years of experience in repair and data recovery.\n<h2>Laptop Repair services for St.Catharines:</h2>\n<ul>\n\t<li>Overheating or freezing laptop Cracked laptop covers Broken power buttons Laptop screen repair Restoring laptop to original condition Liquid spill damage repair Power problems / AC power jack replacement Glass and screen replacement Broken laptop hinges.</li>\n\t<li>Replace broken connectors</li>\n\t<li>Replace Broken Screen LCD/LED</li>\n\t<li>DC Jack Repair/Motherboard</li>\n\t<li>Virus Corruptions and Deletion</li>\n\t<li>Motherboard &amp; Keyboard Repair/Replacement</li>\n\t<li>Computer doesn’t Startup or Boot up with errors</li>\n\t<li>Liquid spill-damage repair</li>\n\t<li>Power Problems, AC Power Jack Replacement</li>\n\t<li>Motherboard &amp; Keyboard Repair/Replacement</li>\n\t<li>Glass &amp; Screen Replacement</li>\n</ul>\n<h1>FREE Estimate Call us 905.892.4555</h1>||||||0|||publish|||2015-08-05 07:45:43|||2015-10-26 20:23:15||||||
20|||St.Catharines Macbook Pro Repair|||macbook-pro-repair|||<div id="bottom_elements_background22">\n<img class="wp-image-7645 aligncenter" src="https://www.stcatharinescomputers.com/wp-content/uploads/2015/10/MACPRO.png" alt="AppleMAC" width="1200" height="163" /></div><!--#bottom_elements-->\n\nWe take the time to understand the issues you are experiencing, the device itself, and any other information needed to provide a long term and permanenrt solution.\n<h1>St.Catharines Macbook Pro Repair:</h1>\n• Diagnostics, including computer crash\n• Virus &amp; Spyware Removal\n• Hardware &amp; System Upgrade\n• Data Recovery .\n\nA computer problem can mean a turning point for technology dependent businesses and home users.\nLet the right people help you! We’re a team of professional, reliable, fast and friendly technician with years of experience in repair and data recovery.\n<h2>Some of the services we offer:</h2>\n<ul>\n\t<li>Overheating or freezing laptop Cracked laptop covers Broken power buttons Laptop screen repair Restoring laptop to original condition Liquid spill damage repair Power problems / AC power jack replacement Glass and screen replacement Broken laptop hinges.</li>\n\t<li>Replace broken connectors</li>\n\t<li>Replace Broken Screen LCD/LED</li>\n\t<li>DC Jack Repair/Motherboard</li>\n\t<li>Virus Corruptions and Deletion</li>\n\t<li>Motherboard &amp; Keyboard Repair/Replacement</li>\n\t<li>Computer doesn’t Startup or Bootup with errors</li>\n\t<li>Liquid spill-damage repair</li>\n\t<li>Power Problems, AC Power Jack Replacement</li>\n\t<li>Motherboard &amp; Keyboard Repair/Replacement</li>\n\t<li>Glass &amp; Screen Replacement</li>\n</ul>\n<h1>FREE Estimate Call us 905.892.4555</h1>||||||0|||publish|||2015-08-05 07:48:19|||2015-10-26 20:25:19||||||
17|||St.Catharines Screen Repair|||screen-repair|||<div id="bottom_elements_background22"><img class="wp-image-7645 aligncenter" src="https://www.stcatharinescomputers.com/wp-content/uploads/2015/10/Screen.png" alt="AppleMAC" width="1200" height="163" /></div>\n<!--#bottom_elements-->\n\nWe take the time to understand the issues you are experiencing, the device itself, and any other information needed to provide a long term and permanent solution.\n<h1>St.Catharines Screen Repair</h1>\n• Diagnostics, including computer crash\n• Virus &amp; Spyware Removal\n• Hardware &amp; System Upgrade\n• Data Recovery .\n\nA computer problem can mean a turning point for technology dependent businesses and home users.\nLet the right people help you! We’re a team of professional, reliable, fast and friendly technician with years of experience in repair and data recovery.\n<h2>Some of the services we offer:</h2>\n<ul>\n\t<li>Overheating or freezing laptop Cracked laptop covers Broken power buttons Laptop screen repair Restoring laptop to original condition Liquid spill damage repair Power problems / AC power jack replacement Glass and screen replacement Broken laptop hinges.</li>\n\t<li>Replace broken connectors</li>\n\t<li>Replace Broken Screen LCD/LED</li>\n\t<li>DC Jack Repair/Motherboard</li>\n\t<li>Virus Corruptions and Deletion</li>\n\t<li>Motherboard &amp; Keyboard Repair/Replacement</li>\n\t<li>Computer doesn’t Startup or Boot up with errors</li>\n\t<li>Liquid spill-damage repair</li>\n\t<li>Power Problems, AC Power Jack Replacement</li>\n\t<li>Motherboard &amp; Keyboard Repair/Replacement</li>\n\t<li>Glass &amp; Screen Replacement</li>\n</ul>\n<h1>FREE Estimate Call us 905.892.4555</h1>||||||0|||publish|||2015-08-05 07:47:25|||2015-10-26 20:32:28||||||
7643|||St.Catharines Virus Removal|||virus-removal|||<h1>St.Catharines Virus Removal</h1>\nVirus Removal for st.catharines Ontario Canada.||||||0|||publish|||2015-10-26 19:24:15|||2015-10-26 19:25:13||||||
